--drop table if exists customerdata;
--drop table if exists profession_customerdata;
--drop table if exists extracteddata;
--drop table if exists knowledge;
--drop table if exists profession;
--drop table if exists profession_knowledge;
--drop table if exists summary;
--drop table if exists filtereddata;
--drop table if exists knowledge_affix;
--drop table if exists affix;

alter table knowledge alter column id type bigint auto_increment;
alter table customerdata alter column id type bigint auto_increment;
alter table extracteddata alter column id type bigint auto_increment;
alter table summary alter column id type bigint auto_increment;
alter table filtereddata alter column id type bigint auto_increment;
alter table affix alter column id type bigint auto_increment;

SET REFERENTIAL_INTEGRITY FALSE;
BEGIN TRANSACTION;
DELETE FROM profession_knowledge;
DELETE FROM knowledge;
COMMIT;
SET REFERENTIAL_INTEGRITY TRUE;

INSERT INTO KNOWLEDGEBASETYPE (ID, CREATETIME, POINTS) values ('EXPERIENCE', now(), 30);
INSERT INTO KNOWLEDGEBASETYPE (ID, CREATETIME, POINTS) values ('EDUCATION', now(), 40);
INSERT INTO KNOWLEDGEBASETYPE (ID, CREATETIME, POINTS) values ('SKILLS', now(), 20);
INSERT INTO KNOWLEDGEBASETYPE (ID, CREATETIME, POINTS) values ('INTEREST', now(), 10);

INSERT INTO ARCHETYPE (ID, CREATETIME, POINTS, KNOWLEDGEBASETYPE_ID) values ('POSITION', now(), 10, 'EXPERIENCE');
INSERT INTO ARCHETYPE (ID, CREATETIME, POINTS, KNOWLEDGEBASETYPE_ID) values ('FIRM', now(), 10, 'EXPERIENCE');
INSERT INTO ARCHETYPE (ID, CREATETIME, POINTS, KNOWLEDGEBASETYPE_ID) values ('RESPONSIBILITY', now(), 10, 'EXPERIENCE');
INSERT INTO ARCHETYPE (ID, CREATETIME, POINTS, KNOWLEDGEBASETYPE_ID) values ('UNIVERSITY', now(), 10, 'EDUCATION');
INSERT INTO ARCHETYPE (ID, CREATETIME, POINTS, KNOWLEDGEBASETYPE_ID) values ('POLYTECHNIC', now(), 10, 'EDUCATION');
INSERT INTO ARCHETYPE (ID, CREATETIME, POINTS, KNOWLEDGEBASETYPE_ID) values ('TECHNICAL', now(), 10, 'SKILLS');
INSERT INTO ARCHETYPE (ID, CREATETIME, POINTS, KNOWLEDGEBASETYPE_ID) values ('OTHER', now(), 10, 'SKILLS');
INSERT INTO ARCHETYPE (ID, CREATETIME, POINTS, KNOWLEDGEBASETYPE_ID) values ('OTHERS', now(), 10, 'INTEREST');
  
delete from knowledge;

insert into knowledge (id, value, KNOWLEDGEBASETYPE_ID, ARCHETYPE_ID, POINTS) values (1, 'junior php programmer','EXPERIENCE','POSITION', 5);
insert into knowledge (id, value, KNOWLEDGEBASETYPE_ID, ARCHETYPE_ID, POINTS) values (2, 'php programmer','EXPERIENCE','POSITION', 5);
insert into knowledge (id, value, KNOWLEDGEBASETYPE_ID, ARCHETYPE_ID, POINTS) values (3, 'senior php programmer','EXPERIENCE','POSITION', 5);
insert into knowledge (id, value, KNOWLEDGEBASETYPE_ID, ARCHETYPE_ID, POINTS) values (4, 'junior jee programmer','EXPERIENCE','POSITION', 5);
insert into knowledge (id, value, KNOWLEDGEBASETYPE_ID, ARCHETYPE_ID, POINTS) values (5, 'jee programmer','EXPERIENCE','POSITION', 5);
insert into knowledge (id, value, KNOWLEDGEBASETYPE_ID, ARCHETYPE_ID, POINTS) values (6, 'senior jee programmer','EXPERIENCE','POSITION', 5);
insert into knowledge (id, value, KNOWLEDGEBASETYPE_ID, ARCHETYPE_ID, POINTS) values (7, 'junior java programmer','EXPERIENCE','POSITION', 5);
insert into knowledge (id, value, KNOWLEDGEBASETYPE_ID, ARCHETYPE_ID, POINTS) values (8, 'java programmer','EXPERIENCE','POSITION', 5);
insert into knowledge (id, value, KNOWLEDGEBASETYPE_ID, ARCHETYPE_ID, POINTS) values (9, 'junior programmer','EXPERIENCE','POSITION', 5);
insert into knowledge (id, value, KNOWLEDGEBASETYPE_ID, ARCHETYPE_ID, POINTS) values (10, 'mid programmer','EXPERIENCE','POSITION', 5);
insert into knowledge (id, value, KNOWLEDGEBASETYPE_ID, ARCHETYPE_ID, POINTS) values (11, 'senior programmer','EXPERIENCE','POSITION', 5);
insert into knowledge (id, value, KNOWLEDGEBASETYPE_ID, ARCHETYPE_ID, POINTS) values (12, 'junior developer','EXPERIENCE','POSITION', 5);
insert into knowledge (id, value, KNOWLEDGEBASETYPE_ID, ARCHETYPE_ID, POINTS) values (13, 'mid developer','EXPERIENCE','POSITION', 5);
insert into knowledge (id, value, KNOWLEDGEBASETYPE_ID, ARCHETYPE_ID, POINTS) values (14, 'senior developer','EXPERIENCE','POSITION', 5);
insert into knowledge (id, value, KNOWLEDGEBASETYPE_ID, ARCHETYPE_ID, POINTS) values (15, 'junior jee developer','EXPERIENCE','POSITION', 5);
insert into knowledge (id, value, KNOWLEDGEBASETYPE_ID, ARCHETYPE_ID, POINTS) values (16, 'mid jee developer','EXPERIENCE','POSITION', 5);
insert into knowledge (id, value, KNOWLEDGEBASETYPE_ID, ARCHETYPE_ID, POINTS) values (17, 'senior jee developer','EXPERIENCE','POSITION', 5);
insert into knowledge (id, value, KNOWLEDGEBASETYPE_ID, ARCHETYPE_ID, POINTS) values (18, 'junior administrator','EXPERIENCE','POSITION', 5);
insert into knowledge (id, value, KNOWLEDGEBASETYPE_ID, ARCHETYPE_ID, POINTS) values (19, 'administrator','EXPERIENCE','POSITION', 5);
insert into knowledge (id, value, KNOWLEDGEBASETYPE_ID, ARCHETYPE_ID, POINTS) values (20, 'senior administrator','EXPERIENCE','POSITION', 5);
insert into knowledge (id, value, KNOWLEDGEBASETYPE_ID, ARCHETYPE_ID, POINTS) values (21, 'product manager','EXPERIENCE','POSITION', 5);
insert into knowledge (id, value, KNOWLEDGEBASETYPE_ID, ARCHETYPE_ID, POINTS) values (22, 'product specialist','EXPERIENCE','POSITION', 5);
insert into knowledge (id, value, KNOWLEDGEBASETYPE_ID, ARCHETYPE_ID, POINTS) values (23, 'business development director','EXPERIENCE','POSITION', 5);
insert into knowledge (id, value, KNOWLEDGEBASETYPE_ID, ARCHETYPE_ID, POINTS) values (24, 'business development manager','EXPERIENCE','POSITION', 5);
insert into knowledge (id, value, KNOWLEDGEBASETYPE_ID, ARCHETYPE_ID, POINTS) values (25, 'project development specialist','EXPERIENCE','POSITION', 5);
insert into knowledge (id, value, KNOWLEDGEBASETYPE_ID, ARCHETYPE_ID, POINTS) values (26, 'director','EXPERIENCE','POSITION', 5);
insert into knowledge (id, value, KNOWLEDGEBASETYPE_ID, ARCHETYPE_ID, POINTS) values (27, 'senior program manager','EXPERIENCE','POSITION', 5);
insert into knowledge (id, value, KNOWLEDGEBASETYPE_ID, ARCHETYPE_ID, POINTS) values (28, 'graphic designer','EXPERIENCE','POSITION', 5);
insert into knowledge (id, value, KNOWLEDGEBASETYPE_ID, ARCHETYPE_ID, POINTS) values (29, 'team lider it','EXPERIENCE','POSITION', 5);
insert into knowledge (id, value, KNOWLEDGEBASETYPE_ID, ARCHETYPE_ID, POINTS) values (30, 'it manager','EXPERIENCE','POSITION', 5);
insert into knowledge (id, value, KNOWLEDGEBASETYPE_ID, ARCHETYPE_ID, POINTS) values (31, 'it specialist','EXPERIENCE','POSITION', 5);
insert into knowledge (id, value, KNOWLEDGEBASETYPE_ID, ARCHETYPE_ID, POINTS) values (32, 'lead programmer','EXPERIENCE','POSITION', 5);
insert into knowledge (id, value, KNOWLEDGEBASETYPE_ID, ARCHETYPE_ID, POINTS) values (33, 'team leader','EXPERIENCE','POSITION', 5);

insert into knowledge (id, value, KNOWLEDGEBASETYPE_ID, ARCHETYPE_ID, POINTS) values (34, 'blue media','EXPERIENCE','FIRM', 5);
insert into knowledge (id, value, KNOWLEDGEBASETYPE_ID, ARCHETYPE_ID, POINTS) values (35, 'BlueMedia','EXPERIENCE','FIRM', 5);
insert into knowledge (id, value, KNOWLEDGEBASETYPE_ID, ARCHETYPE_ID, POINTS) values (36, 'spartez','EXPERIENCE','FIRM', 5);
insert into knowledge (id, value, KNOWLEDGEBASETYPE_ID, ARCHETYPE_ID, POINTS) values (37, 'atlassian','EXPERIENCE','FIRM', 5);
insert into knowledge (id, value, KNOWLEDGEBASETYPE_ID, ARCHETYPE_ID, POINTS) values (38, 'apple','EXPERIENCE','FIRM', 5);
insert into knowledge (id, value, KNOWLEDGEBASETYPE_ID, ARCHETYPE_ID, POINTS) values (39, 'microsoft','EXPERIENCE','FIRM', 5);
insert into knowledge (id, value, KNOWLEDGEBASETYPE_ID, ARCHETYPE_ID, POINTS) values (40, 'google','EXPERIENCE','FIRM', 5);
insert into knowledge (id, value, KNOWLEDGEBASETYPE_ID, ARCHETYPE_ID, POINTS) values (41, 'intel','EXPERIENCE','FIRM', 5);
insert into knowledge (id, value, KNOWLEDGEBASETYPE_ID, ARCHETYPE_ID, POINTS) values (42, 'asseco','EXPERIENCE','FIRM', 5);
insert into knowledge (id, value, KNOWLEDGEBASETYPE_ID, ARCHETYPE_ID, POINTS) values (43, 'comarch','EXPERIENCE','FIRM', 5);
insert into knowledge (id, value, KNOWLEDGEBASETYPE_ID, ARCHETYPE_ID, POINTS) values (44, 'misys','EXPERIENCE','FIRM', 5);
insert into knowledge (id, value, KNOWLEDGEBASETYPE_ID, ARCHETYPE_ID, POINTS) values (45, 'kinos','EXPERIENCE','FIRM', 5);
insert into knowledge (id, value, KNOWLEDGEBASETYPE_ID, ARCHETYPE_ID, POINTS) values (46, 'atena','EXPERIENCE','FIRM', 5);

insert into knowledge (id, value, KNOWLEDGEBASETYPE_ID, ARCHETYPE_ID, POINTS) values (47, 'analysis of project requirements','EXPERIENCE','RESPONSIBILITY', 5);
insert into knowledge (id, value, KNOWLEDGEBASETYPE_ID, ARCHETYPE_ID, POINTS) values (48, 'creation of system architecture','EXPERIENCE','RESPONSIBILITY', 5);
insert into knowledge (id, value, KNOWLEDGEBASETYPE_ID, ARCHETYPE_ID, POINTS) values (49, 'system design','EXPERIENCE','RESPONSIBILITY', 5);
insert into knowledge (id, value, KNOWLEDGEBASETYPE_ID, ARCHETYPE_ID, POINTS) values (50, 'implementation','EXPERIENCE','RESPONSIBILITY', 5);
insert into knowledge (id, value, KNOWLEDGEBASETYPE_ID, ARCHETYPE_ID, POINTS) values (51, 'testing','EXPERIENCE','RESPONSIBILITY', 5);
insert into knowledge (id, value, KNOWLEDGEBASETYPE_ID, ARCHETYPE_ID, POINTS) values (52, 'creating documentation','EXPERIENCE','RESPONSIBILITY', 5);
insert into knowledge (id, value, KNOWLEDGEBASETYPE_ID, ARCHETYPE_ID, POINTS) values (53, 'code review','EXPERIENCE','RESPONSIBILITY', 5);
insert into knowledge (id, value, KNOWLEDGEBASETYPE_ID, ARCHETYPE_ID, POINTS) values (54, 'programming','EXPERIENCE','RESPONSIBILITY', 5);
insert into knowledge (id, value, KNOWLEDGEBASETYPE_ID, ARCHETYPE_ID, POINTS) values (55, 'continous integration','EXPERIENCE','RESPONSIBILITY', 5);

insert into knowledge (id, value, KNOWLEDGEBASETYPE_ID, ARCHETYPE_ID, POINTS) values (56, 'Uniwersytet Warszawski','EDUCATION','UNIVERSITY', 5);
insert into knowledge (id, value, KNOWLEDGEBASETYPE_ID, ARCHETYPE_ID, POINTS) values (57, 'Uniwersytet w Białymstoku','EDUCATION','UNIVERSITY', 5);
insert into knowledge (id, value, KNOWLEDGEBASETYPE_ID, ARCHETYPE_ID, POINTS) values (58, 'Uniwersytet Gdański','EDUCATION','UNIVERSITY', 5);
insert into knowledge (id, value, KNOWLEDGEBASETYPE_ID, ARCHETYPE_ID, POINTS) values (59, 'Uniwersytet im. Adama Mickiewicza w Poznaniu','EDUCATION','UNIVERSITY', 5);
insert into knowledge (id, value, KNOWLEDGEBASETYPE_ID, ARCHETYPE_ID, POINTS) values (60, 'Uniwersytet Jagielloński w Krakowie','EDUCATION','UNIVERSITY', 5);
insert into knowledge (id, value, KNOWLEDGEBASETYPE_ID, ARCHETYPE_ID, POINTS) values (61, 'Uniwersytet Łódzki','EDUCATION','UNIVERSITY', 5);
insert into knowledge (id, value, KNOWLEDGEBASETYPE_ID, ARCHETYPE_ID, POINTS) values (62, 'Uniwersytet Marii Curie-Skłodowskiej w Lublinie','EDUCATION','UNIVERSITY', 5);
insert into knowledge (id, value, KNOWLEDGEBASETYPE_ID, ARCHETYPE_ID, POINTS) values (63, 'Uniwersytet Mikołaja Kopernika w Toruniu','EDUCATION','UNIVERSITY', 5);
insert into knowledge (id, value, KNOWLEDGEBASETYPE_ID, ARCHETYPE_ID, POINTS) values (64, 'Uniwersytet Opolski','EDUCATION','UNIVERSITY', 5);
insert into knowledge (id, value, KNOWLEDGEBASETYPE_ID, ARCHETYPE_ID, POINTS) values (65, 'Uniwersytet Szczeciński','EDUCATION','UNIVERSITY', 5);
insert into knowledge (id, value, KNOWLEDGEBASETYPE_ID, ARCHETYPE_ID, POINTS) values (66, 'Uniwersytet Śląski w Katowicach','EDUCATION','UNIVERSITY', 5);
insert into knowledge (id, value, KNOWLEDGEBASETYPE_ID, ARCHETYPE_ID, POINTS) values (67, 'Uniwersytet Rzeszowski','EDUCATION','UNIVERSITY', 5);
insert into knowledge (id, value, KNOWLEDGEBASETYPE_ID, ARCHETYPE_ID, POINTS) values (68, 'Uniwersytet Warmińsko-Mazurski w Olsztynie','EDUCATION','UNIVERSITY', 5);
insert into knowledge (id, value, KNOWLEDGEBASETYPE_ID, ARCHETYPE_ID, POINTS) values (69, 'Uniwersytet Wrocławski','EDUCATION','UNIVERSITY', 5);
insert into knowledge (id, value, KNOWLEDGEBASETYPE_ID, ARCHETYPE_ID, POINTS) values (70, 'Uniwersytet Kardynała Stefana Wyszyńskiego w Warszawie','EDUCATION','UNIVERSITY', 5);
insert into knowledge (id, value, KNOWLEDGEBASETYPE_ID, ARCHETYPE_ID, POINTS) values (71, 'Uniwersytet Zielonogórski','EDUCATION','UNIVERSITY', 5);
insert into knowledge (id, value, KNOWLEDGEBASETYPE_ID, ARCHETYPE_ID, POINTS) values (72, 'Uniwersytet Kazimierza Wielkiego w Bydgoszczy','EDUCATION','UNIVERSITY', 5);
insert into knowledge (id, value, KNOWLEDGEBASETYPE_ID, ARCHETYPE_ID, POINTS) values (73, 'Uniwersytet Jana Kochanowskiego w Kielcach','EDUCATION','UNIVERSITY', 5);
insert into knowledge (id, value, KNOWLEDGEBASETYPE_ID, ARCHETYPE_ID, POINTS) values (74, 'Uniwersytet Technologiczny w Szczecinie','EDUCATION','UNIVERSITY', 5);
insert into knowledge (id, value, KNOWLEDGEBASETYPE_ID, ARCHETYPE_ID, POINTS) values (75, 'Politechnika Warszawska','EDUCATION','POLYTECHNIC', 5);
insert into knowledge (id, value, KNOWLEDGEBASETYPE_ID, ARCHETYPE_ID, POINTS) values (76, 'Politechnika Białostocka','EDUCATION','POLYTECHNIC', 5);
insert into knowledge (id, value, KNOWLEDGEBASETYPE_ID, ARCHETYPE_ID, POINTS) values (77, 'Akademia Techniczno-Humanistyczna w Bielsku -Białej','EDUCATION','POLYTECHNIC', 5);
insert into knowledge (id, value, KNOWLEDGEBASETYPE_ID, ARCHETYPE_ID, POINTS) values (78, 'Politechnika Częstochowska','EDUCATION','POLYTECHNIC', 5);
insert into knowledge (id, value, KNOWLEDGEBASETYPE_ID, ARCHETYPE_ID, POINTS) values (79, 'Politechnika Gdańska','EDUCATION','POLYTECHNIC', 5);
insert into knowledge (id, value, KNOWLEDGEBASETYPE_ID, ARCHETYPE_ID, POINTS) values (80, 'Politechnika Śląska','EDUCATION','POLYTECHNIC', 5);
insert into knowledge (id, value, KNOWLEDGEBASETYPE_ID, ARCHETYPE_ID, POINTS) values (81, 'Politechnika Świętokrzyska w Kielcach','EDUCATION','POLYTECHNIC', 5);
insert into knowledge (id, value, KNOWLEDGEBASETYPE_ID, ARCHETYPE_ID, POINTS) values (82, 'Politechnika Koszalińska','EDUCATION','POLYTECHNIC', 5);
insert into knowledge (id, value, KNOWLEDGEBASETYPE_ID, ARCHETYPE_ID, POINTS) values (83, 'Politechnika Krakowska im. Tadeusza Kościuszki','EDUCATION','POLYTECHNIC', 5);
insert into knowledge (id, value, KNOWLEDGEBASETYPE_ID, ARCHETYPE_ID, POINTS) values (84, 'Politechnika Lubelska','EDUCATION','POLYTECHNIC', 5);
insert into knowledge (id, value, KNOWLEDGEBASETYPE_ID, ARCHETYPE_ID, POINTS) values (85, 'Politechnika Łódzka','EDUCATION','POLYTECHNIC', 5);
insert into knowledge (id, value, KNOWLEDGEBASETYPE_ID, ARCHETYPE_ID, POINTS) values (86, 'Politechnika Opolska','EDUCATION','POLYTECHNIC', 5);
insert into knowledge (id, value, KNOWLEDGEBASETYPE_ID, ARCHETYPE_ID, POINTS) values (87, 'Politechnika Poznańska','EDUCATION','POLYTECHNIC', 5);
insert into knowledge (id, value, KNOWLEDGEBASETYPE_ID, ARCHETYPE_ID, POINTS) values (88, 'Uniwersytet Technologiczno-Humanistyczny im. Kazimierza Pułaskiego w Radomiu','EDUCATION','POLYTECHNIC', 5);
insert into knowledge (id, value, KNOWLEDGEBASETYPE_ID, ARCHETYPE_ID, POINTS) values (89, 'Politechnika Rzeszowska im. Ignacego Łukasiewicza','EDUCATION','POLYTECHNIC', 5);
insert into knowledge (id, value, KNOWLEDGEBASETYPE_ID, ARCHETYPE_ID, POINTS) values (90, 'Politechnika Wrocławska','EDUCATION','POLYTECHNIC', 5);

insert into knowledge (id, value, KNOWLEDGEBASETYPE_ID, ARCHETYPE_ID, POINTS) values (91, 'EJB','SKILLS','TECHNICAL', 5);
insert into knowledge (id, value, KNOWLEDGEBASETYPE_ID, ARCHETYPE_ID, POINTS) values (92, 'CDI','SKILLS','TECHNICAL', 5);
insert into knowledge (id, value, KNOWLEDGEBASETYPE_ID, ARCHETYPE_ID, POINTS) values (93, 'jboss','SKILLS','TECHNICAL', 5);
insert into knowledge (id, value, KNOWLEDGEBASETYPE_ID, ARCHETYPE_ID, POINTS) values (94, 'wildfly','SKILLS','TECHNICAL', 5);
insert into knowledge (id, value, KNOWLEDGEBASETYPE_ID, ARCHETYPE_ID, POINTS) values (95, 'activemq','SKILLS','TECHNICAL', 5);
insert into knowledge (id, value, KNOWLEDGEBASETYPE_ID, ARCHETYPE_ID, POINTS) values (96, 'webservice','SKILLS','TECHNICAL', 5);
insert into knowledge (id, value, KNOWLEDGEBASETYPE_ID, ARCHETYPE_ID, POINTS) values (97, 'jms','SKILLS','TECHNICAL', 5);
insert into knowledge (id, value, KNOWLEDGEBASETYPE_ID, ARCHETYPE_ID, POINTS) values (98, 'linux','SKILLS','TECHNICAL', 5);
insert into knowledge (id, value, KNOWLEDGEBASETYPE_ID, ARCHETYPE_ID, POINTS) values (99, 'tcp/ip','SKILLS','TECHNICAL', 5);
insert into knowledge (id, value, KNOWLEDGEBASETYPE_ID, ARCHETYPE_ID, POINTS) values (100, 'ipsec','SKILLS','TECHNICAL', 5);
insert into knowledge (id, value, KNOWLEDGEBASETYPE_ID, ARCHETYPE_ID, POINTS) values (101, 'vpn','SKILLS','TECHNICAL', 5);
insert into knowledge (id, value, KNOWLEDGEBASETYPE_ID, ARCHETYPE_ID, POINTS) values (102, 'Jee 6','SKILLS','TECHNICAL', 5);
insert into knowledge (id, value, KNOWLEDGEBASETYPE_ID, ARCHETYPE_ID, POINTS) values (103, 'Jee 7','SKILLS','TECHNICAL', 5);
insert into knowledge (id, value, KNOWLEDGEBASETYPE_ID, ARCHETYPE_ID, POINTS) values (104, 'prime faces','SKILLS','TECHNICAL', 5);
insert into knowledge (id, value, KNOWLEDGEBASETYPE_ID, ARCHETYPE_ID, POINTS) values (105, 'jsf','SKILLS','TECHNICAL', 5);
insert into knowledge (id, value, KNOWLEDGEBASETYPE_ID, ARCHETYPE_ID, POINTS) values (106, 'jsp','SKILLS','TECHNICAL', 5);
insert into knowledge (id, value, KNOWLEDGEBASETYPE_ID, ARCHETYPE_ID, POINTS) values (107, 'servlet','SKILLS','TECHNICAL', 5);
insert into knowledge (id, value, KNOWLEDGEBASETYPE_ID, ARCHETYPE_ID, POINTS) values (108, 'ibm mq','SKILLS','TECHNICAL', 5);
insert into knowledge (id, value, KNOWLEDGEBASETYPE_ID, ARCHETYPE_ID, POINTS) values (109, 'Jee','SKILLS','TECHNICAL', 5);
insert into knowledge (id, value, KNOWLEDGEBASETYPE_ID, ARCHETYPE_ID, POINTS) values (110, 'java','SKILLS','TECHNICAL', 5);
insert into knowledge (id, value, KNOWLEDGEBASETYPE_ID, ARCHETYPE_ID, POINTS) values (111, 'spring','SKILLS','TECHNICAL', 5);
insert into knowledge (id, value, KNOWLEDGEBASETYPE_ID, ARCHETYPE_ID, POINTS) values (112, 'maven','SKILLS','TECHNICAL', 5);
insert into knowledge (id, value, KNOWLEDGEBASETYPE_ID, ARCHETYPE_ID, POINTS) values (113, 'tomcat','SKILLS','TECHNICAL', 5);
insert into knowledge (id, value, KNOWLEDGEBASETYPE_ID, ARCHETYPE_ID, POINTS) values (114, 'glassfish','SKILLS','TECHNICAL', 5);
insert into knowledge (id, value, KNOWLEDGEBASETYPE_ID, ARCHETYPE_ID, POINTS) values (115, 'websphere','SKILLS','TECHNICAL', 5);
insert into knowledge (id, value, KNOWLEDGEBASETYPE_ID, ARCHETYPE_ID, POINTS) values (116, 'maven','SKILLS','TECHNICAL', 5);

insert into knowledge (id, value, KNOWLEDGEBASETYPE_ID, ARCHETYPE_ID, POINTS) values (118, 'posgresql','SKILLS','TECHNICAL', 5);
insert into knowledge (id, value, KNOWLEDGEBASETYPE_ID, ARCHETYPE_ID, POINTS) values (119, 'mysql','SKILLS','TECHNICAL', 5);
insert into knowledge (id, value, KNOWLEDGEBASETYPE_ID, ARCHETYPE_ID, POINTS) values (120, 'sql','SKILLS','TECHNICAL', 5);
insert into knowledge (id, value, KNOWLEDGEBASETYPE_ID, ARCHETYPE_ID, POINTS) values (121, 'git','SKILLS','TECHNICAL', 5);
insert into knowledge (id, value, KNOWLEDGEBASETYPE_ID, ARCHETYPE_ID, POINTS) values (122, 'svn','SKILLS','TECHNICAL', 5);
insert into knowledge (id, value, KNOWLEDGEBASETYPE_ID, ARCHETYPE_ID, POINTS) values (123, 'jenkins','SKILLS','TECHNICAL', 5);
insert into knowledge (id, value, KNOWLEDGEBASETYPE_ID, ARCHETYPE_ID, POINTS) values (124, 'bamboo','SKILLS','TECHNICAL', 5);
insert into knowledge (id, value, KNOWLEDGEBASETYPE_ID, ARCHETYPE_ID, POINTS) values (125, 'teamcity','SKILLS','TECHNICAL', 5);
insert into knowledge (id, value, KNOWLEDGEBASETYPE_ID, ARCHETYPE_ID, POINTS) values (126, 'jira','SKILLS','TECHNICAL', 5);
insert into knowledge (id, value, KNOWLEDGEBASETYPE_ID, ARCHETYPE_ID, POINTS) values (127, 'apache camel','SKILLS','TECHNICAL', 5);
insert into knowledge (id, value, KNOWLEDGEBASETYPE_ID, ARCHETYPE_ID, POINTS) values (128, 'gradle','SKILLS','TECHNICAL', 5);
insert into knowledge (id, value, KNOWLEDGEBASETYPE_ID, ARCHETYPE_ID, POINTS) values (129, 'google guava','SKILLS','TECHNICAL', 5);
insert into knowledge (id, value, KNOWLEDGEBASETYPE_ID, ARCHETYPE_ID, POINTS) values (130, 'guava','SKILLS','TECHNICAL', 5);
insert into knowledge (id, value, KNOWLEDGEBASETYPE_ID, ARCHETYPE_ID, POINTS) values (131, 'apache commons','SKILLS','TECHNICAL', 5);

insert into knowledge (id, value, KNOWLEDGEBASETYPE_ID, ARCHETYPE_ID, POINTS) values (132, 'communicative','SKILLS','OTHER', 5);
insert into knowledge (id, value, KNOWLEDGEBASETYPE_ID, ARCHETYPE_ID, POINTS) values (133, 'open','SKILLS','OTHER', 5);
insert into knowledge (id, value, KNOWLEDGEBASETYPE_ID, ARCHETYPE_ID, POINTS) values (134, 'willing to work','SKILLS','OTHER', 5);
insert into knowledge (id, value, KNOWLEDGEBASETYPE_ID, ARCHETYPE_ID, POINTS) values (135, 'eager to learn','SKILLS','OTHER', 5);
insert into knowledge (id, value, KNOWLEDGEBASETYPE_ID, ARCHETYPE_ID, POINTS) values (136, 'bright','SKILLS','OTHER', 5);
insert into knowledge (id, value, KNOWLEDGEBASETYPE_ID, ARCHETYPE_ID, POINTS) values (137, 'driving license','SKILLS','OTHER', 5);

insert into knowledge (id, value, KNOWLEDGEBASETYPE_ID, ARCHETYPE_ID, POINTS) values (138, 'good movie','INTEREST','OTHERS', 5);
insert into knowledge (id, value, KNOWLEDGEBASETYPE_ID, ARCHETYPE_ID, POINTS) values (139, 'good book','INTEREST','OTHERS', 5);
insert into knowledge (id, value, KNOWLEDGEBASETYPE_ID, ARCHETYPE_ID, POINTS) values (140, 'games','INTEREST','OTHERS', 5);
insert into knowledge (id, value, KNOWLEDGEBASETYPE_ID, ARCHETYPE_ID, POINTS) values (141, 'meet people','INTEREST','OTHERS', 5);
insert into knowledge (id, value, KNOWLEDGEBASETYPE_ID, ARCHETYPE_ID, POINTS) values (142, 'meeting new people','INTEREST','OTHERS', 5);
insert into knowledge (id, value, KNOWLEDGEBASETYPE_ID, ARCHETYPE_ID, POINTS) values (143, 'running','INTEREST','OTHERS', 5);
insert into knowledge (id, value, KNOWLEDGEBASETYPE_ID, ARCHETYPE_ID, POINTS) values (144, 'kitesurfing','INTEREST','OTHERS', 5);
insert into knowledge (id, value, KNOWLEDGEBASETYPE_ID, ARCHETYPE_ID, POINTS) values (145, 'windsurfing','INTEREST','OTHERS', 5);
insert into knowledge (id, value, KNOWLEDGEBASETYPE_ID, ARCHETYPE_ID, POINTS) values (146, 'football','INTEREST','OTHERS', 5);

delete from customerdata;
delete from profession_knowledge;
delete from profession;

insert into profession (id, createtime, description) values ('JAVA', now(), 'Programista Java');
insert into profession (id, createtime, description) values ('ADMIN', now(), 'Administrator Sieci');
insert into profession (id, createtime, description) values ('PHP', now(), 'Programista Php');

insert into profession_knowledge (profession_id, knowledgelist_id) values ('JAVA', 4 );
insert into profession_knowledge (profession_id, knowledgelist_id) values ('JAVA', 5 );
insert into profession_knowledge (profession_id, knowledgelist_id) values ('JAVA', 6 );
insert into profession_knowledge (profession_id, knowledgelist_id) values ('JAVA', 7 );
insert into profession_knowledge (profession_id, knowledgelist_id) values ('JAVA', 8 );
insert into profession_knowledge (profession_id, knowledgelist_id) values ('JAVA', 9 );
insert into profession_knowledge (profession_id, knowledgelist_id) values ('JAVA', 10 );
insert into profession_knowledge (profession_id, knowledgelist_id) values ('JAVA', 11 );
insert into profession_knowledge (profession_id, knowledgelist_id) values ('JAVA', 12 );
insert into profession_knowledge (profession_id, knowledgelist_id) values ('JAVA', 13 );
insert into profession_knowledge (profession_id, knowledgelist_id) values ('JAVA', 14 );
insert into profession_knowledge (profession_id, knowledgelist_id) values ('JAVA', 15 );
insert into profession_knowledge (profession_id, knowledgelist_id) values ('JAVA', 16 );
insert into profession_knowledge (profession_id, knowledgelist_id) values ('JAVA', 17 );

insert into profession_knowledge (profession_id, knowledgelist_id) values ('JAVA', 21 );
insert into profession_knowledge (profession_id, knowledgelist_id) values ('JAVA', 22 );
insert into profession_knowledge (profession_id, knowledgelist_id) values ('JAVA', 23 );
insert into profession_knowledge (profession_id, knowledgelist_id) values ('JAVA', 24 );
insert into profession_knowledge (profession_id, knowledgelist_id) values ('JAVA', 25 );
insert into profession_knowledge (profession_id, knowledgelist_id) values ('JAVA', 26 );
insert into profession_knowledge (profession_id, knowledgelist_id) values ('JAVA', 27 );

insert into profession_knowledge (profession_id, knowledgelist_id) values ('JAVA', 29 );
insert into profession_knowledge (profession_id, knowledgelist_id) values ('JAVA', 30 );
insert into profession_knowledge (profession_id, knowledgelist_id) values ('JAVA', 31 );
insert into profession_knowledge (profession_id, knowledgelist_id) values ('JAVA', 32 );
insert into profession_knowledge (profession_id, knowledgelist_id) values ('JAVA', 33 );
insert into profession_knowledge (profession_id, knowledgelist_id) values ('JAVA', 34 );
insert into profession_knowledge (profession_id, knowledgelist_id) values ('JAVA', 35 );
insert into profession_knowledge (profession_id, knowledgelist_id) values ('JAVA', 36 );
insert into profession_knowledge (profession_id, knowledgelist_id) values ('JAVA', 37 );
insert into profession_knowledge (profession_id, knowledgelist_id) values ('JAVA', 38 );
insert into profession_knowledge (profession_id, knowledgelist_id) values ('JAVA', 39 );
insert into profession_knowledge (profession_id, knowledgelist_id) values ('JAVA', 40 );
insert into profession_knowledge (profession_id, knowledgelist_id) values ('JAVA', 41 );
insert into profession_knowledge (profession_id, knowledgelist_id) values ('JAVA', 42 );
insert into profession_knowledge (profession_id, knowledgelist_id) values ('JAVA', 43 );
insert into profession_knowledge (profession_id, knowledgelist_id) values ('JAVA', 44 );
insert into profession_knowledge (profession_id, knowledgelist_id) values ('JAVA', 45 );
insert into profession_knowledge (profession_id, knowledgelist_id) values ('JAVA', 46 );
insert into profession_knowledge (profession_id, knowledgelist_id) values ('JAVA', 47 );
insert into profession_knowledge (profession_id, knowledgelist_id) values ('JAVA', 48 );
insert into profession_knowledge (profession_id, knowledgelist_id) values ('JAVA', 49 );
insert into profession_knowledge (profession_id, knowledgelist_id) values ('JAVA', 50 );
insert into profession_knowledge (profession_id, knowledgelist_id) values ('JAVA', 51 );
insert into profession_knowledge (profession_id, knowledgelist_id) values ('JAVA', 52 );
insert into profession_knowledge (profession_id, knowledgelist_id) values ('JAVA', 53 );
insert into profession_knowledge (profession_id, knowledgelist_id) values ('JAVA', 54 );
insert into profession_knowledge (profession_id, knowledgelist_id) values ('JAVA', 55 );
insert into profession_knowledge (profession_id, knowledgelist_id) values ('JAVA', 56 );
insert into profession_knowledge (profession_id, knowledgelist_id) values ('JAVA', 57 );
insert into profession_knowledge (profession_id, knowledgelist_id) values ('JAVA', 58 );
insert into profession_knowledge (profession_id, knowledgelist_id) values ('JAVA', 59 );
insert into profession_knowledge (profession_id, knowledgelist_id) values ('JAVA', 60 );
insert into profession_knowledge (profession_id, knowledgelist_id) values ('JAVA', 61 );
insert into profession_knowledge (profession_id, knowledgelist_id) values ('JAVA', 62 );
insert into profession_knowledge (profession_id, knowledgelist_id) values ('JAVA', 63 );
insert into profession_knowledge (profession_id, knowledgelist_id) values ('JAVA', 64 );
insert into profession_knowledge (profession_id, knowledgelist_id) values ('JAVA', 65 );
insert into profession_knowledge (profession_id, knowledgelist_id) values ('JAVA', 66 );
insert into profession_knowledge (profession_id, knowledgelist_id) values ('JAVA', 67 );
insert into profession_knowledge (profession_id, knowledgelist_id) values ('JAVA', 68 );
insert into profession_knowledge (profession_id, knowledgelist_id) values ('JAVA', 69 );
insert into profession_knowledge (profession_id, knowledgelist_id) values ('JAVA', 70 );
insert into profession_knowledge (profession_id, knowledgelist_id) values ('JAVA', 71 );
insert into profession_knowledge (profession_id, knowledgelist_id) values ('JAVA', 72 );
insert into profession_knowledge (profession_id, knowledgelist_id) values ('JAVA', 73 );
insert into profession_knowledge (profession_id, knowledgelist_id) values ('JAVA', 74 );
insert into profession_knowledge (profession_id, knowledgelist_id) values ('JAVA', 75 );
insert into profession_knowledge (profession_id, knowledgelist_id) values ('JAVA', 76 );
insert into profession_knowledge (profession_id, knowledgelist_id) values ('JAVA', 77 );
insert into profession_knowledge (profession_id, knowledgelist_id) values ('JAVA', 78 );
insert into profession_knowledge (profession_id, knowledgelist_id) values ('JAVA', 79 );
insert into profession_knowledge (profession_id, knowledgelist_id) values ('JAVA', 80 );
insert into profession_knowledge (profession_id, knowledgelist_id) values ('JAVA', 81 );
insert into profession_knowledge (profession_id, knowledgelist_id) values ('JAVA', 82 );
insert into profession_knowledge (profession_id, knowledgelist_id) values ('JAVA', 83 );
insert into profession_knowledge (profession_id, knowledgelist_id) values ('JAVA', 84 );
insert into profession_knowledge (profession_id, knowledgelist_id) values ('JAVA', 85 );
insert into profession_knowledge (profession_id, knowledgelist_id) values ('JAVA', 86 );
insert into profession_knowledge (profession_id, knowledgelist_id) values ('JAVA', 87 );
insert into profession_knowledge (profession_id, knowledgelist_id) values ('JAVA', 88 );
insert into profession_knowledge (profession_id, knowledgelist_id) values ('JAVA', 89 );
insert into profession_knowledge (profession_id, knowledgelist_id) values ('JAVA', 90 );
insert into profession_knowledge (profession_id, knowledgelist_id) values ('JAVA', 91 );
insert into profession_knowledge (profession_id, knowledgelist_id) values ('JAVA', 92 );
insert into profession_knowledge (profession_id, knowledgelist_id) values ('JAVA', 93 );
insert into profession_knowledge (profession_id, knowledgelist_id) values ('JAVA', 94 );
insert into profession_knowledge (profession_id, knowledgelist_id) values ('JAVA', 95 );
insert into profession_knowledge (profession_id, knowledgelist_id) values ('JAVA', 96 );
insert into profession_knowledge (profession_id, knowledgelist_id) values ('JAVA', 97 );

insert into profession_knowledge (profession_id, knowledgelist_id) values ('JAVA', 102 );
insert into profession_knowledge (profession_id, knowledgelist_id) values ('JAVA', 103 );
insert into profession_knowledge (profession_id, knowledgelist_id) values ('JAVA', 104 );
insert into profession_knowledge (profession_id, knowledgelist_id) values ('JAVA', 105 );
insert into profession_knowledge (profession_id, knowledgelist_id) values ('JAVA', 106 );
insert into profession_knowledge (profession_id, knowledgelist_id) values ('JAVA', 107 );
insert into profession_knowledge (profession_id, knowledgelist_id) values ('JAVA', 108 );
insert into profession_knowledge (profession_id, knowledgelist_id) values ('JAVA', 109 );
insert into profession_knowledge (profession_id, knowledgelist_id) values ('JAVA', 110 );
insert into profession_knowledge (profession_id, knowledgelist_id) values ('JAVA', 111 );
insert into profession_knowledge (profession_id, knowledgelist_id) values ('JAVA', 112 );
insert into profession_knowledge (profession_id, knowledgelist_id) values ('JAVA', 113 );
insert into profession_knowledge (profession_id, knowledgelist_id) values ('JAVA', 114 );
insert into profession_knowledge (profession_id, knowledgelist_id) values ('JAVA', 115 );
insert into profession_knowledge (profession_id, knowledgelist_id) values ('JAVA', 116 );

insert into profession_knowledge (profession_id, knowledgelist_id) values ('JAVA', 118 );
insert into profession_knowledge (profession_id, knowledgelist_id) values ('JAVA', 119 );
insert into profession_knowledge (profession_id, knowledgelist_id) values ('JAVA', 120 );
insert into profession_knowledge (profession_id, knowledgelist_id) values ('JAVA', 121 );
insert into profession_knowledge (profession_id, knowledgelist_id) values ('JAVA', 122 );
insert into profession_knowledge (profession_id, knowledgelist_id) values ('JAVA', 123 );
insert into profession_knowledge (profession_id, knowledgelist_id) values ('JAVA', 124 );
insert into profession_knowledge (profession_id, knowledgelist_id) values ('JAVA', 125 );
insert into profession_knowledge (profession_id, knowledgelist_id) values ('JAVA', 126 );
insert into profession_knowledge (profession_id, knowledgelist_id) values ('JAVA', 127 );
insert into profession_knowledge (profession_id, knowledgelist_id) values ('JAVA', 128 );
insert into profession_knowledge (profession_id, knowledgelist_id) values ('JAVA', 129 );
insert into profession_knowledge (profession_id, knowledgelist_id) values ('JAVA', 130 );
insert into profession_knowledge (profession_id, knowledgelist_id) values ('JAVA', 131 );
insert into profession_knowledge (profession_id, knowledgelist_id) values ('JAVA', 132 );
insert into profession_knowledge (profession_id, knowledgelist_id) values ('JAVA', 133 );
insert into profession_knowledge (profession_id, knowledgelist_id) values ('JAVA', 134 );
insert into profession_knowledge (profession_id, knowledgelist_id) values ('JAVA', 135 );
insert into profession_knowledge (profession_id, knowledgelist_id) values ('JAVA', 136 );
insert into profession_knowledge (profession_id, knowledgelist_id) values ('JAVA', 137 );
insert into profession_knowledge (profession_id, knowledgelist_id) values ('JAVA', 138 );
insert into profession_knowledge (profession_id, knowledgelist_id) values ('JAVA', 139 );
insert into profession_knowledge (profession_id, knowledgelist_id) values ('JAVA', 140 );
insert into profession_knowledge (profession_id, knowledgelist_id) values ('JAVA', 141 );
insert into profession_knowledge (profession_id, knowledgelist_id) values ('JAVA', 142 );
insert into profession_knowledge (profession_id, knowledgelist_id) values ('JAVA', 143 );
insert into profession_knowledge (profession_id, knowledgelist_id) values ('JAVA', 144 );
insert into profession_knowledge (profession_id, knowledgelist_id) values ('JAVA', 145 );
insert into profession_knowledge (profession_id, knowledgelist_id) values ('JAVA', 146 );

insert into affix values (1, now(), 5, FALSE, 'PREFIX', 'w trakcie');
insert into affix values (2, now(), 20, FALSE, 'SUFFIX', 'ukończone');

insert into knowledge_affix values (58, 1);
insert into knowledge_affix values (58, 2);